Track_id,Track_name,Track_ms,Track_number
4Wy1M8fMAgHmLdIDx4upd2,be mine,173854,1
75L6gVE2YZhRWQRxe9zSaR,optimistic,166416,1
1Pt5syTlJvn3FOqAET84WF,2nd Favourite 第二最愛,190028,1
52v0iQLWfcrwC8E5F9Q0nX,Self-made (Something Pt.2),149654,1
6qfHEyREqyUZEnxzWl8Ekv,if i die tonight,145904,1
3bCHq7KwhohjpfaIb4pGsg,if i die tonight (acoustic),143985,2
2BQIL0U5QdqK17n5o8KZB1,i don't smoke & i don't drink,170951,1
6Y6PjsfnxsIsH6gzPOxqbY,december,141679,1
6FBCLU5nIwc21sYcPy8ubP,That Guy,168207,1
3aThBcTv6nQJT60yYNlAy1,The Ad Song That We Didn't Sell (DEMO),58588,1
3LmNS7u6LH5cfnosEshWRC,Stressed Out (Live Version),132927,1
11xUys3eUTa4r7sOJeb8UP,B.A.E (Live Version),183694,2
2UzznjXMeKjVwwUIZg9w9d,Sp (Live Version),153201,3
5OGgm0LRqNE06YXnhZUt1b,Something (Live Version),162417,4
77VnDVHXz62tqhHABfQXVY,In My Dream (Live Version),151381,5
1B62jqI8xHS3UCZkGxaklK,Better,167309,1
2SkybnWOVxUGUIxzsGWuH8,In My Dream,142987,1
6GqOO7QwU0t1Dvj33C6iWZ,Stranger (feat. Panda),224000,1
4i7Fz5rdTN32hB8YfXUjJA,Stressed Out,147066,1
148ExvzfRurFn5IDfXrRf0,Something,150967,1
44CfAalM3j6baIplG3Cw1Y,Fly,176000,1
1FXKPnHtUYSgedFxnbgYSC,忘記你,173000,1
4nVzhBHEMdX1UI2fS9qWKF,Growing Up,214804,1
5CcP3d5V5OvSbyw8zhuq0O,"She Said, Pt. 2 (feat. Marz23)",215272,1
5c0ZlenunSAAdUS0DJgKTR,Right Here,173924,1
1h8dkllZVVtKhFJ2bsiuBC,Christy,174000,1
35qdmMVox7PxirLOrTATa0,To My Boss,179740,1
2SPxvhq9TVhk6hgoN253Ku,To My Boss,180740,1
048nEK809e3omwbS5R7iKA,Let Go,193846,1
2R0HhpNVkeOcfXR0VbMXNC,She Said,234000,1
5xTRlUIntnR6U5ihYq3RzJ,Bae,198000,1
7Kk4RaZM3p7hnypFrMhvpf,To My Queen,136000,1
2jTy9rFV3Ym2TS0uqSEs15,I Hate You,190399,1
5uwCMXDQ7w3XI4fXIUuNqU,Don't Wanna Wake Up,194592,2
4M8aT4P3AlJUGQ4DqaXJpV,我不是饒舌歌手,212765,3
2nPOwaPw4wzXHJXzKCXJ7I,寂寞男孩 (feat. TYSON YOSHI),243200,4
0AlGkcFYhKgy1LhJfmznvO,那種人,285894,5
3Uoj2PRukl7AfjhCnW2CQW,8:49,193928,6
5rsMC01Nv2dVprvmkcrvZD,脆弱,181522,7
53EYK5DubMOz2x71TZERPl,陪你失敗 (feat. 寺二),306546,8
0OX8rHhaa59u3fFy1OaCC2,Break Me Down (feat. JESSE),212974,9
23jzh6TPpNYJ3SUMJUqoJI,23,200028,10
6tdPhOn7PqctCLzpb0zknp,Everything (feat. W.LIN),228460,11
3zNdhGuArudFA8o7vVe5S9,RISE,158108,1
6UO5P67ifI0wM57T4ZaLy2,Judas,141787,2
6RnWxFXtmTkM7SCMJffaVC,一首歌,118784,3
3Kds30QtZgGTwvMaPqRQiU,Just Break Up,179268,4
5IKxzWd86W975D93WBAI0u,Whatever,159612,5
50XCnjOgqxsCDkJLEwHyM0,Playlist,168588,6
0pqHZJf4nWE8fWY1BR2H95,Till 4ever,216583,7
7EPHwetREdAK1XhnwyPIgH,Smile Face,176916,8
5cycXgh08aMKanhtqggBys,Runner Runner,181874,9
0vzviWZieTYb4cJUfL5vTg,一首歌 - Sped Up,109744,10
5p5VGeHzvUzMZVFB0ySOBS,Just Break Up - Jersey Club remix,122482,11
2sj5SYygIdSXSp3DFZa31R,一人之境 - SUMMER BLUES Live,215210,1
7K39EzLqvNmcxZHZmxpajo,Run With The Wind - Instrumental / SUMMER BLUES Live,63397,2
6U65VLJ6lyNWjRqddw7VZg,doodoodoo - SUMMER BLUES Live,193365,3
03u5WEfS8kJ94WpK1vVDmt,夏之風物詩 - SUMMER BLUES Live,210424,4
3iLwXVGOCsWEgHJW3DGhCj,在空中的這一秒 - SUMMER BLUES Live,219496,5
1mRmkAj3cNkAklx8o8x7ZO,memories - Instrumental / SUMMER BLUES Live,119864,6
1Fvii4rGjagX5VGZCZkzuK,下一位前度 - SUMMER BLUES Live,270506,7
67gFi0siw1MA3fcpLwafvz,隔離 - SUMMER BLUES Live,258189,8
0Cn7SAMYh3IFQP9esHr6vO,拼命無恙 - SUMMER BLUES Live,263566,9
0XidMKXYAk2LIIOrSa2OZx,"Get A Life, 處女座 - Aries Mix / SUMMER BLUES Live",145919,10
5a94YrZosdBlOK6CFz9t4G,靈魂出竅練習曲 - SUMMER BLUES Live,214641,11
67f3Dbh5Cp2gcu6WNsJrDU,單數 - SUMMER BLUES Live,260265,12
1X0SdZrRZLp4SBkME0CFdS,難道喜歡處女座 - SUMMER BLUES Live,157497,13
26LVP9ArbFzOq9RG4EPE6a,Don't Text Him (Just Kiss Him) - SUMMER BLUES Live,192340,14
6EDAXrziQ6Ej9Fur4X1YCv,樹木真美 - SUMMER BLUES Live,248775,15
21oAKTor59X3ZNduMwZM8j,Something - SUMMER BLUES Live,128466,16
7cGlB2uKosGbWMdz172Kic,if i die tonight - SUMMER BLUES Live,175725,17
341Qo9s0310FPP2NdX5kT3,夕暮れ - Instrumental / SUMMER BLUES Live,137500,18
2Gi9XmFRhV10XxYvJYnI4n,某種老朋友 - SUMMER BLUES Live,310215,19
0yoIHlvZiUPuPNyhX98bfe,壞與更壞 - SUMMER BLUES Live,245475,20
02ZvubtTfkFzQHb7OPTBbJ,飄流教室,275171,1
0UrcBvNWsVYwQbtOMN02LD,自我安慰,305537,2
46A0jSOKd9L3UXGbioypMM,樓下有人,224654,3
4oElFaPzZXuBI1gVWWG4sy,Can We Try,250347,4
0drNiRHL7KjRGkThlnD7QC,一刻永恆,199964,5
053SGPMQCcpqAVG8Rbbwvo,2nd Favourite 第二最愛,190028,6
4MC9q6hN9b1gDQP0Rw21uP,有少少愛,192417,7
4VaCqLBq14Rt8dJhlWOkN3,順風車,216789,8
4j7ZtE1wsVqqxFlb2FKSW9,心跳回憶,233528,9
7IoNsm6u2Z0Cbb1mai3jHq,星戰,280405,10
3LF3iXrfa0Jw5VG3ULguvG,寂寞男孩 (feat. TYSON YOSHI),243200,1
4CHHKYWqRKmB8mTPUO5Kbe,Intro,93882,1
7dpNI8JMnAQ8bx4BkJegCK,丹爺,181500,2
2vFdP0bi8SEpX3139IubpR,Let Go放縱,253860,3
6rmP8RoL2gZIv1ZCGPQKX9,小野貓,193593,4
1xgPjHJYxTmYyDgGy2WgFb,父母叫你唔好,198455,5
2R3hJpiwOS4R53QEUbfog6,做一世兄弟,128000,6
5uOZALvoCnh0SyIoDDC4jg,大鱷,223542,7
5rZ9gSiWoe59cNSErp8eJL,Rollie,171000,8
0uP4O5pagwFGo4U6SoETaH,兼識女友Ptgf,189103,9
3bAhWsD2cveyt2eRwFtb9t,Outro,77333,10
5FF1Bm9NsrfvGxIqFGyBGk,What I'm Feeling,202062,1
2byJqu4cw657Y7G6nFogkG,cut my hair,175665,1
4kfSXPK13aXkLzuz02hCSC,greedy,129686,2
51hyZpbJlIgZIaX3TtMxmu,run for the hills,143940,3
4mFcwFOlSCxp6hjemRXwpd,hurt my feelings,122416,4
6jDT7DB6k0psPX0nWNDI1K,grave,193159,5
2zScQCfO2BKtR0Yk8dtELN,stay done,171190,6
4E63weMCaNZuGPEFMnuEi8,exes,159400,7
0tFRxPQHvAUMTbWYRJUo8R,we're not alike,180392,8
01BDK4Skxzh5mqnTbQzWGy,calgary,140685,9
53H3ajzHjI5M9ZeewvRO3h,messier,237191,10
44c9MsAwxoAdAYpCVRBAG1,think later,133562,11
2wIcebwzceIwgonsDICx6P,guilty conscience,152049,12
5BLxf0dPOTKMFFgUEp8M6T,want that too,190059,13
7Moee27EB8Qc4pNTzB870r,plastic palm trees,172780,14
0hh6usshPzFf6j0lGkhMs3,?,16292,1
3RhyHYnYxuGnP8njFlNxHq,don't come back,152786,2
6uNv4npQ8FZLsH7naE9GK4,i'm so gone,146080,3
4ewmHD3aRBmLyTsbGreNLw,what would you do?,166946,4
4bt7eqP7mfWduRBKEpCAzM,chaotic,175533,5
1bXm6XU3SYSqQGLTRhUSfm,hate myself,173306,6
3yoIliXhnorEdfTZ93W2YL,what's your problem?,167373,7
7l9IqDtVWJurTvkQHq1BGh,she's all i wanna be,207120,8
4UbItCyP9q7MvuVogbDCgC,boy x,226786,9
5XLgE4yoU9MyR5vkjNxpdF,you're so cool,170933,10
03zuGqxMwUFFmCwusq0WKE,feel like shit,203480,11
40yVW4Ywyxz8xkNcuLbP1N,go away,213613,12
2RwpoqhsYOZSGsF69KqjwP,i still say goodnight,188533,13
2YyWiAibyL5Eo18x4kkE4b,exes - Syn Cole Remix,182189,1
4NXziaKXuKQAuuJ1Sjk5yA,exes - Regard Remix,182508,1
1gMv5QSRDJ6SwcQGbTtAtB,run for the hills (Spotify OUTSIDE Version) - Live from Malibu,164063,1
7LoyqdrF51XVflrSKFHH1a,greedy acoustic,142363,1
3qsiiKAipvnDao6NuAzlTQ,greedy - Ian Asher Remix,144330,2
4MhxagNeAqtTdy9ht8tQo5,greedy - cassö remix,156818,3
1RhdVvfQwmQp0bg7NF58k0,greedy - Alok remix,152307,4
6y6KaCid6AI0P5h8ozb0eZ,greedy sped up,119871,5
2OoIhKYzzN5s6pzGZKdiM1,greedy slowed down,148166,6
3rUGC1vUpkDG9CZFHMur1t,greedy,131872,1
6BePGk3eCan4FqaW2X8Qy3,10:35,172252,1
6qmvAJSUfVGMubvI2awW7p,uh oh,169721,1
7CNnr17XNq6rvU2LM3H7MD,what would you do? - Galantis Remix,161462,1
3iJVCCW5equhyyZcxrMABz,she's all i wanna be - Acoustic,198705,1
6W4SftknKhWj0iFoHN7aYU,that way - with Jeremy Zucker,174299,1
31sSFHIe4NaxltVFOEIcTa,working,210219,1
7IoyTDxOTWYkHx1f3oWhtt,You - Acoustic,214058,1
1SyK3kEq2TN5MV0eGGjvjx,working (feat. Khalid) - TELYKast Summer Remix,165276,1
6Asu7oyQxcmONn4HypXV7n,that way - Jonasu Remix,167213,1
2cc8Sw1OnCuA5bV8nqWqpE,You,233386,1
6CYT0souHUHKTO4EMzTUFg,bad ones,183133,1
2E8IlL26PwtZq7CqAHBBUw,rubberband,147253,2
4X3Br7EVc8oy44zUwU1z5w,slower,187880,3
2ng0NW0HhJK0KTNZzZajRv,r u ok,187386,4
4l0RmWt52FxpVxMNni6i63,you broke me first,170226,5
2wkIdVB8HsWyMur3Q4shlZ,wish i loved you in the 90s,176853,6
4JtQe8OMIC2HufEbxj7gAK,slower - NOTD Remix,183275,1
58j9yvUXGuQiCEHBDdwRDB,slower - Moore Kismet Remix,189837,1
3gHMshV2IfQAM3YWwKXOlQ,Darkest Hour - from the Amazon Original Series PANIC,161251,1
4SBahN5KfX1RLG9XLNIlJA,you broke me first - Spotify Singles,176652,1
2GSLoT7abyYGchSSDCpWEI,Heather - Spotify Singles,190652,2
4f9IfFvBFm7Gsf1IVEudyf,lie to me,177440,1
02iW5boMzeBDVRI0dRE1Yw,don't be sad,143672,1
7nIPkUEV3HYE7yzXHvGOVB,vicious,182929,1
0kTIH2zbc1jvIHoCOCoNnr,you broke me first - Luca Schreiner Remix,192338,1
3Ni9jLlq3xPoOKv1HYlQrH,you broke me first - Gryffin Remix,215648,1
7tMEUrMaMzE0YptCGfsXzt,Boys Ain't Shit (feat. Tate McRae & Audrey Mika),186409,1
0gIxF0RR0miqWLs2fPQGBu,stupid,173826,1
3xF2FcXiJjWQUqUYvrp4NT,all my friends are fake,186213,2
7l97ElWmIdVHWUaOeeU5ZC,that way,175026,3
4AuYFl8wn6502LiHDTr0C9,tear myself apart,165240,4
28QGhVCx80IcpEb1Gswdk0,happy face,201413,5
3OXjT67T0GiQk2IcVbsmgE,Kids Are Alright,176988,1
1RI4G0KZES2ZQgKCF3mgOQ,Slip,171899,1
7zmGroa83F8IqoGdN36Anr,Drown,216854,1
1vdjJ55uw3WOuu7ZSyABFP,Teenage Mind,155205,1
5jaeLgE8u1dJjgfLST8BPM,Can't Get It Out,182785,1
2fHttjIlcNo8rGCUZVMY1B,Distant,199266,1
4XWhsNPaqAbZR7hIhx2bSE,Shoulder to Shoulder,230181,1
0CRgOVkJY7kO8FkJ4DCUG4,Hard to Find,193048,1
3r2FIyRibvMaevfGdOGLQ0,Hung up on You,201256,1
4Ey0LK1HzksUqm9JLzzKuD,One Day,202340,1
6YURkCz7JfuwJYxW49ZoeN,Bigger Person,232075,1
25lvdL8Hg9DNIO7aRzObth,Can't Let You Go,204156,2
6SUBkzbRJjSqoW2OPtoAA2,Stay Up,205149,3
71TRhiwsRckqoqO9CcDIE6,Do You Believe,156331,4
4NUgJ9gYHuAhaT3bj9ONh3,lie to me,177440,5
6USdi8uX5GNAPYziFhisHb,What If I Told You That I Love You,193667,6
4CNJ3ybC6SDw4XyXiPycdT,Running On My Mind,156721,7
1qFDKgzTadZib0PgQqL9CM,Sunrise,184710,8
44WA1PmgbchPrlTHbI1CDw,Helpless,185231,9
5WOg5V5cklRbYFnVpxFB07,The Idea Of Her,171150,10
55jK4IHWQL0aqmpelwL1uL,Sk8er Boi,204000,1
7qrKXWOimyg4nJPrJE0adw,Cannibal,194186,2
6QL1GoHnj25LlpWs91nC1Y,Gimme More,251813,3
5NY8CJ7nJ4nYPUCgugmJ37,Shirt,181840,4
6X3V94ZIB6FwNLMZV5QyQv,8TEEN,228600,5
73kAowp2M643xaixeCj2S0,Feels Like Summer,297404,6
0jTN2J9B9vf51URvJNqa2k,Love Me Like You,197746,7
5KFqEQA0fJa6xxUuLf56IO,Bad Habit,232114,8
6UfoeIO1wXZ39mGMslGTIA,Dear Future Husband,183746,9
3DnvjVBgc9Sgd9n6Z47ZAt,Feel So Close - Radio Edit,206413,10
6mCRtNtCyhEwmBMFvodOvC,Troublemaker (feat. Flo Rida),186600,11
4wlG4fTLRdlXK57zJFCGRm,MONTERO (Call Me By Your Name),137875,12
6ujebrZ8oPZumT0F2WTnkf,Torn,242821,13
0wgt14DVX5gw0AZb5WQQZ5,MAMIII,225386,14
5sFFjK1UPHxKS4i0e8Ob7E,Come Over,321853,15
69SyLnQXPJEHQ9PgXBb0aU,Love My Way,212545,16
3HIGAOtIib3SCIhcYDn8Uf,"Holding Out for a Hero - From ""Footloose"" Soundtrack",349560,17
6w0OGNy03gTWN8OakTHjd8,Play That Funky Music,300093,18
3AIXv20Q7J0IyU1pE1mxy4,Rich Girl,144693,19
3GIRGYB22zMiXCwOPn0Sqs,1985,192253,20
2L6IdXP4KU8gExefLqL7Zz,Chills (LA Hills),183652,1
5RnMOM1drWvJ3KYKqcUFd5,The Motto,164818,2
3uY1yq7HzP6ncr3MFhmKAP,10:35,172252,3
3IHHQDlpfxFzUBWQa6uhBd,The Business,164000,4
19IxCtwCxFp4lpoTxTGlYT,All Nighter,134880,5
615WGDDc6rRKdKAQB2CTvG,Hot In It (feat. Charli XCX),129817,6
0VvY6bJ2krVO9OtTwyJmtL,Pump It Louder,158571,7
0miQbjugFUSCa1xVeRvhtg,Learn 2 Love,133003,8
42GVFip18j7QYynp0uhEpx,Don't Be Shy,140500,9
1Ikjimk3AsR6GEcXXzWjlX,Bet My Dollar,204000,10
4uhP9qUxuS4BtnouMRIjEI,Back Around,175403,11
4aX6sHB8xxavVzMezprulu,Lay Low,153442,12
3BuHeeCEqJ41hBkiK069RA,Yesterday,140160,13
18Wl5Tj40ihBlz5acxh6Xl,Jungle,198805,1
3k8G7AqDiG6zAkQcEJg13u,B.O.T.A. (Baddest of Them All) - Edit,226626,2
3j81DeBBsKys91UaNTq9dh,10:35,172252,3
5pUrFxp5XDt9NbgBQ0HRmk,Runaway Baby,147746,4
2d1zvrpjyh57znnnXz5yCe,Physical,193829,5
5s9Q41YkkpREF1ADsWCfvU,Head & Heart,166028,6
00cC7LhIY3LUcuHEo6tOUm,I’m Good (Blue),175238,7
1NuBMKqp9O61jWDYqBZ8bi,21 Reasons,155253,8
5Q8rieiTCw4MLR1qvYeXfK,Strangers,172964,9
5P0IeguuuVrTiCwocIofnK,Feel It Still,162092,10
6EAi6A0XQzYQ6ltdjYaD8H,Miss You,206000,11
2c91AcQ5lrDJWPovU8EeRQ,Don’t Leave Me Lonely,173093,12
3sB648U5RGFqyYyyAv3OEA,Bel Mercy,169606,13
7Kc3EB81l3eKMEOO1fQsK3,Castle on the Hill,261153,14
5iMIBoaLPPvKyLa71OZGWq,About Damn Time,191822,15
0hk4RBRObYx1f4JYXpNwcI,Wild Ones,232946,16
2TcpsRfOiti6QoBfEujtWT,You Make Me Feel…,215693,17
7LhRqdrt24FL1m56p4Z56V,Good Feeling,248133,18
43z2p8ZIwVKFTukhJUhWkb,Serotonin Moonbeams,289471,19
3EcXqKDJVH7evPly3mXmu5,Hot In It,129817,20
11n6dGAQ6e2h4p3pedXM2v,Get Into It (Yuh),138293,1
7Jg65cOkLoiT7Q4vQqUvIG,Everybody (Backstreet's Back) - Radio Edit,223813,2
3JX7WoULJNBopkfAXKmSsY,Feel So Close - Radio Edit,206413,3
42QQUJ3eFhvIqlXgdnMsgh,Electric Feel,229640,4
7BqRC6Kc54NxF4yAQ62IKD,AOK,173640,5
7i6ObV5L9kLRMNNFCaQuyw,Talk Too Much,187133,6
1xAUqLxsUk2LWt23M4dMAp,You Make My Dreams (Come True),187706,7
3YMjlcE01AkuV8a9N6r1E6,Brazil,252306,8
2SknN0CU42xCJgQZYepKsL,Shining Star,172280,9
0BqVKHEMRG2W8mnWBRQbn6,Say My Name,267920,10
5Uobm9EUqSTF3UOUGt92HJ,Ms. Jackson,270566,11
4sm1ucjhoPFbswZFrDLJeZ,Woman,171066,12
3sbwSzLxek4LObZyj3Ypig,Summer,222453,13
2DeQ3JVhOobAHYDZMASmzu,Tonight Tonight,196760,14
5u72a3UFwuDbS2D13JRUbf,Dancing in the Moonlight,228386,15
7vD2EFFptSB5PSxEWTrPYR,Let's Get Loud,238240,16
0fuzsbsNuLOzoggUlNpDTO,New Light,217426,17
73PWvqcy3wnHGWV1Qx1Ezd,Since U Been Gone,188972,18
2pCIqRQqolNyWdyY0ECn4s,Die Young,211920,19
6C3XFdZ9sLsVcm4xF1XTKO,INDUSTRY BABY,212346,20
5b9DCQzPV6KEg9b6WB8v4e,10:35 (feat. Tate McRae) - Joel Corry Remix,181442,1
5MJNYprqBdxAYt9jnh6s8N,10:35,172252,2
3CKbz7DsOPl94W9duLx9HK,10:35 (feat. Tate McRae) - Tiësto’s New Year’s Eve VIP Remix,174720,3
4RCpHnkhMmm67EKbI4aEO7,u love u (with Tate McRae),189062,1
0cL15rfBj6bGFbJ3vENuqD,you broke me first,169265,1
6yezS44bP3czDMBwt53L6d,death bed (coffee for your head),173333,2
1oM4BXvUZv6NrlvNwe0R3H,If the World Was Ending (feat. Julia Michaels),211626,3
4JYLYPGuB25L0CLCT184LP,Dandelions,233720,4
2y2nQDUNTyXyIbJJarrHrk,July,156106,5
5wB7CGHDzpRVQWUYsKTjmH,I GUESS I'M IN LOVE,204093,6
2wRDKKZR45RjJuv80TLBmq,Reckless,203384,7
0jMPfeYQPLlMPYBjWssqNr,Ain't No Sunshine,125253,8
4rhh23TOd3uJvUU4v9kLmt,Say Something,229400,9
0XfdAFtONKGld6h4kkl5KB,that way,175026,10
5k6oagrwB7hGrvPbgtBK7z,Breakeven,261653,11
1RqYqn1WiUmrJQsM4ma4y7,Lost Boy,276853,12
0jiwlU0aNUro8i2177i6Ez,Impossible,209440,13
0gfPEwtqKcRXj2VDOk3sPM,Surrender,183103,14
2j7Heu7UihtfXpYlhFWmyq,Bleeding Love,262293,15
38i15jXdu05pmPImHOzJdl,Shout Out to My Ex,246252,16
0rATymcLgJoQKnpMLTzndk,Since U Been Gone,188893,17
3DS4GbakbxdL45yiXxNnni,Little Do You Know,185200,18
2oVB6HtlMKrAq6dspTXUFB,I Hate U,174000,19
5OxN7Bv5kr974rdPFKRlH8,Selfish,223270,20
6D7Y1ifRZYfqaTvffJ2zGT,alone in a room full of people,154814,1
5evRJdyXpQjdXhplXIQ0Bc,@ my worst,191364,2
0EFuHbkuin3pM6byX7VlGI,u love u,188986,3
5fw7OEMjARmFAu0cQ363U4,ghost town (ft. Sasha Alex Sloan),187801,4
0CcPL8OEi8vchvprpl6oYe,imu (ft. Travis Barker),215936,5
7jCSncvK7rzgYQehMosoM3,bad day,159192,6
5bbtc9t6FcerXp732H2XNu,You - Topic Remix,157160,1
2TIADtEEouHM8vF9c7hFd6,You,233386,2
2PgJMWFmyCeYRozHBwh1gY,Intro - Mixed,34000,1
065feG0tPi0kxBNNaD05ZS,The Business - Mixed,135000,2
6tRjzIqlyNyVcNvZYPYHvl,10:35 - Mixed,103000,3
7vWo8blo2Ilag4YY6KaGs8,Learn 2 Love - Mixed,128000,4
0T9neWSIXSMm9JiB90dl4j,Back Around - Mixed,120000,5
4Iqx8fPo4lhUUBkI82w2Ej,Hot In It (feat. Charli XCX) - Mixed,124875,6
1Sjwi1QCc2dzCWPR2MeH6W,The Motto - Mixed,142289,7
0VsZOgNpdYutI1oXl0ogrc,Bet My Dollar - Mixed,196132,8
3OczXLaEfnAHr5JWaautFy,Chills (LA Hills) - Mixed,100140,9
6sMLF5m4hUWZVtgIaeeDwd,Pump It Louder - Mixed,125250,10
6qFYOaE2JchjHiBW0AAuXk,All Nighter - Mixed,123500,11
1i3Y0PKJ8lSTycriOddOyK,Don't Be Shy - Mixed,136218,12
4SK7XY7lSnjE4YOYfePJkj,Lay Low- Mixed,151085,13
1Nb1GMvYYIpLnE84okqTxX,Yesterday - Mixed,138437,14
43hTEm7kUZRC6alqwf2tdW,Drifting - Mixed,186829,15
0IdwfnHFfyb7zc7GFs75QQ,Hammer to the Heart,192317,1
0VccAZeCgMvsnoLnokOBoh,Apple Juice,182724,2
3WyUluIcDGvi2sCAOpiJUH,Tell Me,176225,3
5okMXP9UNHt4XhAHCbDo3Y,Growing Up is Getting Old,147266,4
6lWnEsAcUz2gHWLjjMmt9A,Some Things I'll Never Know,242317,1
4SwwlSlURm7oEHfZYt5oQv,Lose Control,210688,2
7a8Lz5wd4U02yiV9lrlgo4,What More Can I Say,141141,3
4FPpZA11y7Xqoe3F34Ysdr,The Door,212648,4
17MDNw9cFIP7PmijpF8Ya3,Goodbye's Been Good to You,164634,5
3ojAPGzFJrLx0K5FdlbLjS,Last Communion,217469,6
2S3pnNaL7Oejo3Pa35RdWv,You Still Get to Me,208339,7
5AM7gdoZyj7ceVHfujmQvI,Suitcase,168832,8
4ENZ6HCIDudE76Cn6rUUK0,Flame,144660,9
0K6uZzBVIjipLVqnoyIpNT,Evergreen,166348,10
68SdMQmOPACMnDfxxay6xj,Some Things I'll Never Know - Live,245070,1
5wkmZNcnEAQyHS6rPKHGMU,Lose Control - Live,240734,2
5HhDqba4XHlglhQPs8F9x8,What More Can I Say - Live,149392,3
5az63yFIrNVsxjsr3zOkLV,The Door - Live,214884,4
1pTTR8vXfu6xwBHU3ru8FM,Goodbye's Been Good to You - Live,162968,5
59wpTLesVS9qTyCb5UzVOB,Last Communion - Live,220618,6
5P9QRxMxQe4Ijji6cZjifs,You Still Get to Me - Live,205990,7
0XjVXQ84yiFcokf08VVjoD,Suitcase - Live,163081,8
6yK3MSncres7PSngiEpOQ5,Flame - Live,145303,9
0MBFtFUg58WQbQwGCpYq0z,Evergreen - Live,165567,10
3sXWFs0hku4tR5cy54PnRz,Some Things I'll Never Know,242317,1
17phhZDn6oGtzMe56NuWvj,Lose Control,210688,2
1MmNMaPzI1uZQS20RV88AT,What More Can I Say,141141,3
3dj4wgM3cPeuLwMNHDuBon,The Door,212648,4
2L6pMQRcT6aM0Lq5FycBke,Goodbye's Been Good to You,164634,5
78OTnBQndIIfCswsAIBNFs,Last Communion,217469,6
4c1RuddayQTE5dpURdynD5,You Still Get to Me,208339,7
0IDKI9KI71q4YPrW58hNtA,Suitcase,168832,8
1EWKlsk5xEsDnejpkPkFVZ,Flame,144660,9
6MgKLLyCDKkmQF8PBB5zst,Evergreen,166348,10
2ZAEbGGj1yXJRCoVaEn16K,Dirty (feat. Teddy Swims),173361,1
6VD3T09spn64tjPcBih64P,The Door - CYRIL Remix,210476,1
44NNrscRFn5UdtrtU2Uwhw,The Door,212648,2
4m1xjbJPiWDy1IRPe9PbPZ,Funeral,234090,1
4yq8Oc51K2mgLfo9BjU3Rr,The Door (Tiago PZK Version),212648,1
2RYgQaCMCglPgiKZe6HHaD,Lose Control - Tiësto Remix,165000,1
2xsJAmqspGsVb2OK4tkBKS,Lose Control - Tiësto Extended Remix,208124,2
1bWmVmiiC7cn5QhO5GtHX5,Lose Control - Live at The Ryman,343800,1
0xHt1jLro8dv9ilIAxOHSG,Lose Control - Live at The Ryman,343800,1
6Qw4mOkFM3UjCf3ybd4zCE,Lose Control - Tiësto Remix,165000,2
7b0fpuq2aRMB9RfcSOWjNW,Lose Control - Piano Version,206426,3
4U954vDqebfDJxSd1HS1Kk,Lose Control - Strings Version,208843,4
7dl5iZPCiPDSFJdpzZpiF5,Lose Control - Live,240734,5
4YX65zX7j9aO6ovXT3WRsj,Lose Control - Radio Edit,149690,6
7JstXLMgX4s5buZgoVnEEH,Lose Control - goddard. Remix,160891,7
3C6FIxUJNCx7Rhs4iUzXKa,Lose Control - BBC Radio 1 Live Lounge Session,207295,8
4rMx8fEyJN90VZBHKE70Uz,Lose Control - Sped Up,175940,9
5401jLKuu9mz56s5KKht9H,Lose Control - A Cappella,205226,10
3s1F9SW2q1zJOLlmSaa7iN,Lose Control - Slowed Down,236490,11
1vwLIrREtoZcYdfP5EVsNh,Lose Control - Instrumental,210688,12
3oSGigVd5RezNkTV9PRGmL,Some Things I'll Never Know (feat. Maren Morris),242317,1
6usohdchdzW9oML7VC4Uhk,Lose Control,210688,1
5lujBnGhaV4zgazZ6A8S5g,Happy People (with Teddy Swims & Jac Ross),295000,1
6HPF8EnycKjys9R3vjgvUO,What More Can I Say,141141,1
2R5hXZrxhgwycn39rC0OdQ,FACE MYSELF,227903,1
0TOF1TzX3FDg1m54VLTFyI,Easy To Love - Matoma VIP Mix,200625,1
7uk21BLNOgktQIGukli6xh,Easy To Love - Tanner Wilfong & Assaf Remix,169486,2
7uhp1skMZG9m8jZzrN2TB4,Easy To Love - Armin van Buuren Club Mix,139384,3
7AK9HwlSE2ZvBcZxlzH50u,Easy To Love,151820,4
36fFojPImg5YSuktc7ph3j,Easy To Love,151820,1
3YeBXUEWIjCtcsv0tULpz8,Devil in a Dress,175081,1
4NP7m0lFf4JXa2yp9RfqKq,2 Moods,144901,2
26ETsbVhx34daSYeBGmvgl,dose,180807,3
144wciVMFV19YTkmZ50g4z,Someone Who Loved You,177930,4
6idMGO9JlieYd6PtxasVnN,The Plan,167551,5
1o3kKSPLb3hLAlHfsWDrO1,Hold Me,198949,6
0LCkj8JSa3pahuphDXiOwZ,Only Love Can Hurt Like This (feat. Teddy Swims) - Remix,232153,1
2tDDhMgR6xEo7KzyphAVUx,Better (feat. Teddy Swims) - Extended,318737,1
6MYMrzDRjdpwAk5X1oqlZZ,Better (feat. Teddy Swims),182462,2
24MoOLc4izxq0E0lzRxxJn,Better (feat. Teddy Swims) - Acoustic Version,150652,3
0r0ufejiB0f3GMdVyZa9a5,Better (feat. Teddy Swims) - Mollie Collins Remix,178743,4
3UlDH6ha7GsPkxKWpH8sPu,Better (feat. Teddy Swims) - Coco & Breezy Remix,207935,5
4PaO2lfUtNOso7ruTbPovz,All That Really Matters - Mike Williams Remix,201465,1
49RgmfkLfRajPOVxPlmGSe,All That Really Matters - Will Clarke Remix,229663,2
2K2PkhEA8wVp162OQEZrOb,All That Really Matters - Crystal Skies Remix,272117,3
58yEy01JpTZLg2htySpLQh,All That Really Matters,244235,4
0XDwnHcbz3RJZsJUPR5aAP,All That Really Matters - Stripped Version,198568,5
3fPc9bBcho6PKnaIkQs87u,All That Really Matters - Stripped Version,198568,1
06gf3VowpUcENXPRUUB6Tz,All That Really Matters,244235,2
3sQzp18PlsOAQKZxW7EbEK,Don't Stop Believin',248435,1
67stT9mRSOt6eO1bjB2AlH,All That Really Matters - Will Clarke Remix,229663,1
2jkevIWVOKOzUvZONYNshz,All That Really Matters,244235,2
5zviMoAeuerK1Rd58qXASv,All That Really Matters,244235,1
5MnmuLgPmsAFkmG5n85cna,Better (feat. Teddy Swims),182462,1
7fHeyjwJRzbIlGm4DAvLJ1,Bad For Me (feat. Teddy Swims),213283,1
66c9N3zuJe0mpC1JrJc1u1,Elephant in the Room (feat. Teddy Swims),163672,1
5yL2dV8sTkIgMEArGQiBdT,Loveless (with Teddy Swims),183870,1
4SMNGYvfWjebzsHXl5CyRE,Amazing - Strings Version,178175,1
5Ra3wJLBQKxJiYEpWe3Pjf,911,166890,1
16QJxLYW4UgUnx2yd4mK45,Please Turn Green,178657,2
7fz1pTAybj22pbsSiLwugA,For the Rest of Your Life,198676,3
1UlaB17A3XYcsObZaXqUjF,Amazing,175017,4
3GKIhntQhBqD6PRWscMLs1,Love for a Minute,191574,5
7sZLuvwauf2I25kCfYm1q0,Simple Things,179043,6
1txNijLDcv0sRWZ1NtPEsl,Please Turn Green - Live Piano Version,203209,1
1rRb8IFx7OYqlZnt6ag7cP,Silent Night,251359,1
2p97TwEVvmhVPk1rzMu1x0,This Christmas,188640,2
2NEGauTb8NsrvTajAlIUAR,Have Yourself A Merry Little Christmas,154582,3
4sJFgRojF6kNr3qQdacmPo,Please Come Home for Christmas,188563,4
3yTBpqlZCqxgwdPgelUHov,O Christmas Tree,128759,5
1JeuCJYAPtv1LpsWYIt15O,The Christmas Song,278225,6
4wKvuWdzyKtXim12tL9JJj,Simple Things - Piano Version,186090,1
3qTnncgYlMT0k0Z0prgUgD,Simple Things,179043,2
0739yB1rNxAQeLda9pOrEP,Bed on Fire (with Ingrid Andress),228507,1
3QVlMl0HR3ltlbFpzKvBi4,L.I.F.E.,154500,1
1Qbh6UdiFpmdwRwNty6ISh,Bed on Fire,228507,2
5iYtyxrDC2apJoQUpoN7J7,Blowin’ Smoke,201879,3
35K7GbMk2wCjKP7dqXpAFE,Broke (feat. Thomas Rhett),160692,4
5AfsHUyPD9gfSEUYV3i5Nw,Somebody Should Kiss You,192491,5
0SBsdYSakN6BViHUPMzXwN,Til I Change Your Mind,188795,6
0msLXGH72jfmy50Z5CAqPA,Will It Find Me,209132,7
09h6XBxiuCHbrQaYRP6VG3,Bed on Fire - Stripped,227300,1
3i9BC4j8Pe51HaZfBaWcaB,Bed on Fire,228507,2
5O5ExR5u69CclV8lb24WmV,Bed on Fire,228507,1
5ql22UbzPOJrDSjVeTvX6E,My Bad,177142,1
1etcoCl2mkHpMHkMVco8iz,Broke (feat. Thomas Rhett),160692,1
72e1cs3TFqEx2BBMAwJ91k,Broke,160692,2
1AMVkPFvUC9pHtfTPjpjmB,Broke,160692,1
4guQztGKAETkvuTekNeqBe,You're Still The One,196413,1
0NGtON5F0hd8apZ0F8LOzz,Picky - Acoustic,193140,1
0xjAtxz84qjAw7HrTwkSnu,Picky,198000,2
4hEAuRbB3YsnCw7DE2nJZV,What's Going On,229367,1
66aMnwdhkEc1V0AAnyYchX,Blinding Lights,214874,1
2AnRsU93Frlz2tSipATdCf,Picky,198000,1
6NqAWmbOYL2P2wEXcFUIUF,I Can't Make You Love Me,236000,1
1Dyxoge6qSmCddVjspic8S,Night Off,202715,1
2yca6MO7D35fltqQEFkWjT,Rivers,202736,1
0voD3AU9IVGAyCXeV8GeSz,Someone You Loved,179176,1
2UE9XGbAzicJIyo4bB6sqM,MAESTRO,198906,1
45xiC13XQsLhV57FxQLlLV,LALALI,171680,2
2L6QRccSHAsdZDc9gz6Bfi,Spell,197613,3
1XvOEvWtfa879Wk1wKHZ1M,Cheers to youth,191546,4
469YeZRBzZw8AnNQvG5GRS,CALL CALL CALL! (Korean Ver.),200626,5
2lYLfG1WddMzvyJvc7imyB,Happy Ending (Korean Ver.),208306,6
0AnMBa8yQZlD2B7B1myBuf,Fallin' Flower (Korean Ver.),210106,7
1r8KUc67Ur0rX5phChNg1B,24H (Korean Ver.),188066,8
1cqUmROW9Pxm7bCNYcQg7i,Not Alone (Korean Ver.),198853,9
0DirozYGvisibHzZhdgRSQ,Power of Love (Korean Ver.),229240,10
4QJ3R0wwwtmll1eAxvV3PB,DREAM (Korean Ver.),186066,11
2NSCKPxS53FFgIOgiMAFZy,Ima -Even if the world ends tomorrow- (Korean Ver.),191506,12
7sEQgmTiEWwMzdnRA28OW1,Adore U,186649,1
26OTyz9vMgYKvTvJONpNk4,MANSAE,186875,2
2mFCN72V3rTq1BT4WWddIF,Pretty U,207299,3
3nAUdBQxle8l1EeOxW3m0R,VERY NICE,192092,4
4wwEpkAwaT65hVmcg9zQSi,BOOMBOOM,206239,5
1WEk8mX0loccWCAcTZqVH8,Don't Wanna Cry,203440,6
0pIJiHChaM9jlrlPCAP4aI,CLAP,167813,7
2MveMeTbVlWtumO4VPOodG,THANKS,213080,8
3oTDi9MWC0JB39FcsLRon3,SOS (Prod. Marshmello),192013,1
4MTNimMDRyFZv37Thcktwa,God of Music,205133,2
6n5M2Al3QgTScpO4AZH9OI,Diamond Days,205866,3
40PKBUQRjtW2pUg4zv3y7r,Back 2 Back,190306,4
1RMnVmHGSvxlexnenQEXSb,Monster,159040,5
1qzvzPfqzpNQ01ZBOEkVlf,Yawn,258213,6
6Es0Sxn1yE7L0T1YxrYHKX,Headliner,189813,7
0Qaw6haFnOnzDxQvXnxmGG,God of Music (Inst.),205133,8
2dThVzsCkB0L8tWFvQH53N,今 -明日 世界が終わっても-,191520,1
7blRMabWMREl9clNkAhvFS,Sara Sara,177773,2
31d4AK9HwMELTaoTZKVz5v,CALL CALL CALL!,199196,3
6bk9pQwgyR4ihccicvOL9L,Happy Ending,209124,4
6toOcGbnoQgsExJB9gIjMD,舞い落ちる花びら（Fallin' Flower）,210733,5
5jXlUt3NS0iu7pHYPqpK2O,24H,188053,6
5UMddRELVtxbeuJzGclmM3,ひとりじゃない,198853,7
2r3aqjJhVFc5JjQAaFKNdR,あいのちから,229226,8
1DOgZjmj0WnG9lJx12bdI2,DREAM,186066,9
6wO7MuWE2dcqonEwfUO56V,HIGHLIGHT - Japanese ver.,225774,1
600K1v7mGmeOD3oWJXN5EZ,Lean On Me - Japanese ver.,204314,2
5V3U5OV8s71kqYrllbsFvv,20 - Japanese ver.,202924,3
698iYBQkgOCpBDL8W81U25,LOVE LETTER - Japanese ver.,178948,4
0C49m3uL232ZGOwrEZucxS,Oh My! - Japanese ver.,194450,5
3pgoGjjFNc6OkuDHVyVDoh,Healing - Japanese ver.,204792,6
5WaJKsI66o4dr25Oi2U9Mz,Good to Me - Japanese ver.,189960,7
7dtvk4sz96QMYtOJPHQ6qH,Smile Flower - Japanese ver.,232960,8
6CSlnSL7YojFoHg6lH2NUm,Pinwheel - Japanese ver.,219880,9
1DOmNSj2SZ5IzOBpJqEYvm,247 - Japanese ver.,212786,10
3hq32mYRzuuSFez0N7thp8,Chilli - Japanese ver.,184973,11
6rurduYegrf5XSZrphuyF2,Circles,239613,1
3QwiidVHfeE9y5jl4n2MTC,_WORLD,178453,2
1dO3UfTaJvue1GIVITNyAS,Fallin' Flower (Korean Ver.),210093,3
1pdFdv8R6ezIAUUNkn785b,CHEERS,181466,4
1p9C2kCRnLMnx9pgvs2w2Y,Darl+ing,176560,5
5fATV9lsJ4BtPgOCnXvoYO,HOT,197586,6
1tlMgvyfGoyz5Vhx10qJe1,DON QUIXOTE,172360,7
5fk2F8WjTaZ3vZFNkoyEBs,March,196186,8
4emd5RBRN4E5aYgHs8PACe,Domino,214893,9
3JT5J2inl13fk2kldFUziI,Shadow,212653,10
2puzy1gz0nzmVouilaE1zX,'bout you,162426,11
7FwSnVsm28MET2IyIGRiNV,IF you leave me,212506,12
0v6rwlTHwyM312AXyZGL5o,Ash,201653,13
2j1Es5qEl4pD8GEe2WsYgP,Darl+ing,176560,1
6I2tqFhk8tq69iursYxuxd,HOT,197586,2
7BiEgR5r0yMmFoWC9kOTGf,DON QUIXOTE,172360,3
5Av3flFGhQPu960OvjeNhm,March,196186,4
1sjObenL1HryPaQOiMDVZ9,Domino,214893,5
2rwJP8OEao5y3xexw52HfD,Shadow,212653,6
5O7UzcP9xERulidcIULOEj,'bout you,162426,7
0ilwFWjTwXszzwaG3XlNWj,IF you leave me,212506,8
5kc5p2mwO2GFq93zw5ZFWV,Ash,201653,9
25osmdhvjltPlN7gI2Javd,To you,225573,1
6LnEoRQKMcaFTR5UvaKuBy,Rock with you,180360,2
68kHuoBxtNcWZWxBu1V007,Crush,169560,3
1ZpiUfzl9P0pMkA03xqmUy,PANG!,178640,4
35jvwACXmrreYIEOAGc2Kr,Imperfect love,204720,5
0bFiLUmBmFX0aWyhVqIwiN,I can't run away,210680,6
6o2Pu5qZcinw4mlDlQZFqu,2 MINUS 1 (Bonus Track),190120,7
0uIw1c0E2nyFWWwEVzhl30,HIT,203506,1
5uUK45snr9SPeUuI2aubcF,Lie Again,200413,2
1SgRnIFTs39lSkQJACYDoY,Fear,175213,3
6wgC1bu0BIx0K9TBbkINDA,Let me hear you say,180213,4
1FlIEnP3DdFgeP3dhVfNZf,247,213000,5
6RJxJpOaCZ4DamSgJaMoJ8,Second Life,202053,6
30S8t6er5QvMBugOzLJnV9,Network Love,209973,7
6c5ccrEzRtGQdIM04xNtSI,Back it up,187746,8
6BuUJqtxrQZWKOJFibfFFv,Lucky,197333,9
1Yimn9plSAWNv9G3ePzITO,Snap Shoot,175826,10
25luDzxyExGiWLrMyCrtx3,Happy Ending (Korean Ver.),208278,11
6qEtE4d5SpNuxSPcuFQpno,Intro. New World,51669,1
6j6wUN8whCYTwxCg9R240U,CHANGE UP,187749,2
0cbh6m6Ita9t4sKVDJQZFP,Without You,195461,3
19t5GSN3XsLB7UOsZD8Fwv,CLAP,167797,4
047A83COIzAFLcZKLz20MP,BRING IT,211959,5
55M6WlPDc8WID9UcmWjbYM,Lilili Yabbay,211191,6
6MEsfQJ5ZpO1WozVfsVDzZ,TRAUMA,213273,7
2NvrIHgujKttUQyx2uUMY9,Pinwheel,219029,8
3wIDLZ8nEHeyxSrVJsD6tv,Flower,207381,9
3o83eepKSAqhA2pkdxXCkL,ROCKET,188498,10
7snRPf9l4LRCMV3hD8WD3W,Hello,200042,11
3p1J2lefXYI4mMQqXUez75,Campfire,207053,12
0leIXrxhkEBGoR8O8PZQEg,Outro. Incompletion,73760,13
3VIWAghaRZzHA1HsQH7EwD,NO F.U.N,181604,1
1Rrj7KyS2R6SP9CQMDJW1w,VERY NICE,192092,2
1nyzf00hpVfBkHlZSVJuky,Healing,203624,3
0mv9yj1mjcEJes46dHDib5,SIMPLE,220020,4
44zJN1C94Xuh5wt6czfvth,Space,189827,5
3msXeHxaKNC9uFvtlglX5b,Chuck,178171,6
6FaIMrCu7bxblZdt1Tfsjn,Pretty U,207300,7
0huOLTWv7QsKl20lqI0ktc,Still Lonely,206778,8
5eHdRWoPwgRVNy9HceN2W2,Hit Song,223196,9
4gDyNYMkzXpMXjVHgRoWC0,Say Yes,230446,10
5roZqMypSPqgdgdYLZTcSm,Drift Away,189242,11
2K421A9GSAxfybVhjtOZnS,Adore U (Vocal Team Ver.),224863,12
1HG1ToS9wVsKlE9CiJPf48,Monday To Saturday (Hiphop Team Ver.),203858,13
4BJYe7g257xcF6MES1MFAH,Shining Diamond (Performance Team Ver.),150315,14
6iTv00i2BlhMZ0S5SQwDem,Love Letter,178916,15
4r08Zd72ZYPcPTOZ8CqPyH,Chuck,178171,1
1117juaaAkSIUsQxTmmcKM,Pretty U,207299,2
5KndefUfeQhGoYCluAaDWj,Still Lonely,206778,3
0Su3Wr6cKTrIkLx9VWgi3l,Hit Song,223196,4
1maafRRnys7gGBUXcjhzmM,Say Yes,230446,5
7zNRdjBB9HFT7CoOaEVzRF,Drift Away,189242,6
1S3Zo9gPe2KCJUKa5wLdVZ,Adore U (Vocal Team Ver.),224863,7
37V533dS8hn2q2tTkbVAlV,Monday To Saturday (Hiphop Team Ver.),203858,8
3ygoTUnTWMCOPqcWoz9cQ5,Shining Diamond (Performance Team Ver.),150315,9
5UZJPEEup9UVUojRKXcv0f,Love Letter,178916,10
743yOACnWcrrijTnWdT5YN,MAESTRO,198906,1
36LiHWhPhdKScTlDpEsUyv,MAESTRO (Orchestra Remix),218240,2
74OpaW8zaYTx4TUuvipmxn,MAESTRO (Inst.),198906,3
6P7m3AZlTUm39hkeAgQNMk,Super (Workout Remix),193586,1
0xZ4WU5UfctiSeETi6pMEo,God of Light Music,91960,1
6h13gMfEDlVlXFb8iDVaXb,God of Music (Trot Remix),169026,2
7viNY0jOjNJuLwsgAOPsBK,God of Light Music (Inst.),91973,3
6KfYVOicblNB8CaDZwbxiT,"Dirty Dancing (feat. Joshua, DK & Dino of SEVENTEEN) - Dem Jointz Remix",216320,1
0aLkYYO8w7T0U2Vhb0pe2O,Sara Sara,177773,1
3tgWMPOY4stCdKYj5NjrAe,F*ck My Life,202280,1
3AOf6YEpxQ894FmrwI9k96,Super,200386,2
2hqn75Y9fEzL0qPoPRXCvX,Fire,158213,3
3acGHJqr9xU1cnCEfLX1Lx,I Don't Understand But I Luv U,209800,4
7v8v911KfBuFkqXvuDOtNm,Dust,165320,5
7rIXkPCaibFJTs4rKS29OS,April shower,212786,6
2D4FPjRVAWPGZUnO3Qzz8d,BETTING,198306,1
0PwknbaUVwXJSmRh7qSfyi,DREAM,186066,1
1n65hd4fBsar7PGQRhtVBA,Rock with you - Japanese ver.,180360,2
08Wb48WzNF0Od8NvkkFDcW,All My Love - Japanese ver.,201933,3
6uPfEWF2CXICTugIoxGCxi,Darl+ing - Holiday ver.,184440,4
2kDrUAONMhG6CbDGBkhdrY,_WORLD,178440,1
6vo0dV9t7PCQZKsLFwVwZ5,Darl+ing,176546,1
3I5W8iA8iZAyO62UVceK3F,Power of Love,230813,1
2UHaIBd2uiIFLZ9pgHMpJl,Home - Japanese ver.,205013,2
74rpBQDDUA116sss0a0Tiy,Snap Shoot - Japanese ver.,174880,3
4rrGSoMxUV0diSX4zpoCTf,Is It Still Beautiful,275362,1
2h1Ul51I7yWhu2KcI6RSaO,Is It Still Beautiful - Instrumental,275362,2
5aypcJTIDUwyddBElM1yxc,"逆燃 Warrior (JOSHUA, 文俊辉, 徐明浩, MINGYU, VERNON from SEVENTEEN)",180237,1
2Q4D2Pz1HDt1x4NukBID5Q,Heaven's Cloud,232226,1
2FymmKBuog0loCuNXMwQID,Ready to love,186760,2
12jngD7Hu6if6sIzPkO2k4,Anyone,176933,3
5Zt86CL16kbPvuwcmHMEg8,GAM3 BO1,189680,4
7awomfKxYCpcqUlfZav6PD,Wave,184626,5
1afEbbD4hZvdA5orDq1sPj,"Same dream, same mind, same night",247920,6
0zNo6vxprHTeiFXNTo65ga,ひとりじゃない,198853,1
1MmSeZ1Q4yd3LoZv7RXmWe,Run to You - Japanese ver.,194213,2
1OKHpdtnG3eBJuq2ttFqMs,HOME;RUN - Japanese ver.,184426,3
2iW0q5jJJT5HKlIs25AAgv,HOME;RUN,184426,1
4wcyQo2iV46LinjXE55RtG,Do Re Mi,197560,2
1hd8IgMElWy3OqcFVjZMUx,HEY BUDDY,198240,3
2QeqvHnADmf2fN5sowptuO,Light a Flame,189586,4
5TgfB8nBnuKaytBbjmrzO7,AH! LOVE,194626,5
11zGbqR6W7biyOgSm3WGSO,All My Love,201946,6
5SifNhmUO8iSEoWFQU8kxH,17 (feat. Joshua and DK of SEVENTEEN),160819,1
5gDNg8kbjSqbTXwqsmu6pk,24H,189613,1
3OkmcKrdvkc3G8QE7Xt7QM,Pinwheel - Japanese ver.,221880,2
4Ze3EcUth9DFYC5M9r2SCC,247 - Japanese ver.,214240,3
6NuOHCf3n03xit6fKhV7SZ,Chilli - Japanese ver.,186240,4
0woJiUqe0abNwUFKtffzFf,Together - Japanese ver.,244640,5
3gAR6cBifLqbW8kOrMqZPr,24H,188986,1
1bhuTWST1TYIVdrsEaQDKa,Fearless,194813,1
5QGooKayQPVZMUDc8Qt3Dm,Left & Right,201773,2
3YtIeHuvBXkJAyv3twOYCC,I Wish,233360,3
4rnvC8St4YDHGuQdBEByRz,My My,185253,4
1kmmKv3L4kGmoPu8aDFOmk,Kidult,192893,5
4yLHe4OAlIFnHerGgHNXBm,Together,244400,6
6MC0anRfGPzSWrvybgsY7O,舞い落ちる花びら（Fallin' Flower）,212333,1
5hVI9e9QqthtYxRqZb2rlW,Good to Me - Japanese ver.,191560,2
3RyK84tUGz7qYtXIiEC95m,Smile Flower - Japanese ver.,232986,3
45jemzjdLd7OQFaDAqKNTD,HIT,203493,1
29RpFeHrgO7cXLzAtXu51e,Happy Ending,210613,1
63jDEQCIg1YJLYeiqKJxFg,Oh My! - Japanese ver.,196160,2
2GpT2EoHXeicqxIDrgcHSK,Healing - Japanese ver.,205133,3
5G5MW3CIQ26AV08Yl7UV6m,9-TEEN,197898,1
4RWbyug0n12hOVHDxRAj5y,Good to Me,189713,1
2Zp4i8aIXc1dGoP7m1wOpa,Home,203731,2
7jPev7m1RQ6gUMYIfGobAl,Hug,159110,3
6d3kU4E8NXpWbCvJZxmm0l,Chilli,183065,4
0jOxIZxnUN323CjyzRA5om,Shhh,186973,5
4CQsxHBYtQvDuNPnlDo5RE,Getting Closer,183579,6
65QDnqGpWrHhnViAM1D4Sd,Oh My! (Chinese ver.),195003,1
5P0Uo1LqAgvFuxabQMe81X,A-TEEN,196323,1
06pQBEBRpmMv9JlxbpLp0E,Oh My!,195003,1
5nR49Yw6tAlOd1DLfuwWAA,Holiday,205349,2
7GJGh9jy8I6fj7MIZfJEh1,Come to me,189513,3
5FxM6pVE15a8xYUv8eOIxe,What's Good,168062,4
2RevV77RPztZ3I4snuCzGU,MOONWALKER,180278,5
2EGRE8lyfRRGuq7spra3eR,Our dawn is hotter than day,212309,6
6TWCOczft8rK1LiHfVPuRN,CALL CALL CALL!,199866,1
7qe7pu7p3I7VxRot18Ytz9,HIGHLIGHT - Japanese ver.,226453,2
4iyCUcJyViIqgmTQ14cIrh,Lean On Me - Japanese ver.,205000,3
0iFsu3YvlnYeHoUilCVpAJ,20 - Japanese ver.,203600,4
4dgJLYYb54xfvHcahoX4nY,LOVE LETTER - Japanese ver.,179640,5
2oGLTWJpqJxr1oM8yM5pwO,Thinkin' about you,221606,1
7cbZIBLhfD9taMBgEsIhIp,THANKS,213072,2
7MhirYiYlbhN8L1y6VwbBu,Run to you,194097,3
01aVuBzov1TL2iCNhwkguC,Falling For U,235048,4
6Upu6yjkdi0DVI8E3IBZEU,Don't Wanna Cry,203426,1
0ePDb0b1tMQlqP9u58pmcg,Habit,253200,2
0JPyJEA13qkSemzWS3tOs1,IF I,189235,3
0WdLp00HrAgjldOqFTpqb5,Swimming Fool,187764,4
0y3KqHpaqKhkHMM50HTeQy,MY I,184136,5
1EbXVXelBudLyGasyGj7Ot,Crazy in Love,215557,6
0fK4XOE0TjcXOcMezZtncZ,BEAUTIFUL,217452,1
0pWxUlYb3EM2WkcTJfwBdP,BOOMBOOM,206227,2
6FdIEgj8ErhkOHbtB6aqFF,HIGHLIGHT,225302,3
25jVJDgG9Nv0jFIIPeb0c7,Lean On Me,204722,4
0q3caW0ttDdykrD2fOKTpw,Fast Pace,220971,5
01bnqaE6nQogjdMMrrL1dj,Don't listen in secret,237552,6
7cwjntgP717i0JZFGoTPMH,I Don't Know,231899,7
054sQZ2qmw0Ya7N0XSxl3j,Smile Flower,232394,8
6MuMUDjfgftMIz8Q3ruF22,2016 월간 윤종신 2월호 - Chocolate,272160,1
1pHCzbRvRFg59Kvc7WHckN,Q&A,220437,1
7ppRZp3i4KpK7UHeNLAHrJ,Fronting,185354,1
5rIsrawNyPv1q8v11iwJsh,Mansae,186874,2
6Cnzpz5iL9MhyDbco7YvOX,When I Grow up,202963,3
1DyOe08LQyJhsLDcSXiNxO,OMG,183604,4
17MlnACcP3VDE7xHMaToGF,Rock,191500,5
4BHThgh4ODCszIJ6e4YGGw,Shining Diamond,203511,1
6wtgR5ZVbOZPHIeMNQwugp,Adore U,186649,2
6HzEfSRlDNkgmOZBvedvM6,Ah Yeah,209270,3
5o9VWCaFtNsOcaYsiADCgC,Jam Jam,205250,4
30KwJprbzKR4uXLKEG8dMM,20,203270,5
7fkS2GjdHjcgwqoiXhwxmc,逆着人群奔向你 (电视剧 《你微笑时很美》 推广曲),278428,1
06C9v8kubovYTD6XMcvZFn,被人 (电视剧 《你微笑时很美》 插曲),248160,2
4Y7gVsky7KNr4P8Bjbtlcy,第一默契 (电视剧 《你微笑时很美》 片尾曲),208998,3
2xogNzA4oZa8ZtaMFahUf4,追随光 (电视剧 《你微笑时很美》 主题曲),213523,4
7sH3A5oFrI6cgoC2f1tdQK,漾 (电视剧 《你微笑时很美》 插曲) - ck战队曲,188330,5
4YGBZQ1dDSrQwMd2FE3G0j,Heroes (电视剧 《你微笑时很美》 插曲) - ZGDX战队曲,161476,6
4k2cp9AsYUrGunSiKhwqtY,逆燃 (电视剧 《你微笑时很美》 插曲) - YQCB战队曲,180237,7
79BTJ41sGMsnAOFmXlSd0X,Everytime (电视剧 《你微笑时很美》 插曲) - FNC战队曲,178582,8
5dL09Yu8CgDpMyrUnXjTgG,锋芒 (电视剧 《你微笑时很美》 插曲) - OPL大赛曲,184687,9
7rI3vK1iZUOe5z98ajoGO5,明亮 (电视剧 《你微笑时很美》 推广曲),202770,10
1fegrYOHE2jFp9V91uCAKs,第一默契 - 独唱版,207500,11
6oLdI89rO18OMRx2cTkD4F,Rain and You,261972,1
1cPP9LNOKp80XWnvmByHPm,In front of the Post Office in Autumn,268666,2
6T4GRF4dJHyOOHsdEUqQIh,I Like You,187674,3
1HczdqzJpiDQrnPDnsY34w,I love you more than anyone,217605,4
742Y7K0lffEMhqm8a811AO,I Like You,215205,5
4IP6IHBkaitrKTLJpO9QQn,Superstar,216000,6
1hnM3n5ds4Nhu44k0Dyhuz,To You,226000,7
6hnS3ezaDmospClfhu1Eze,Is It Still Beautiful,275362,8
5GT6qcZRbfeF5qZvG0GHcX,Reminiscence,236309,9
3Cb455nBFqtEDtscjVFUZh,It′s My Life,256051,10
1RKQQVR5wzLnSt32RNOOe4,Running in the sky,262516,11
5yoUOcdcZbA2Mjv2LEroxU,Butterfly,208267,12
3qDHFWC9IoFitFwl2XlhfU,Someday,232805,13
0dXjkFzU9Zfyb2k8LwMK36,Hospital Playlist Season2 Title,16579,14
6jeJYqg9HQbJdwXtlmB9yo,An ordinary story,131991,15
2OPlu7HYuz5r6OuGvTRxl0,Anxious thing,67942,16
0uYf8qppoWoZaihd2TLaCt,Emergency,117242,17
2hTACm2d7oNMmQ7saXg3yz,Praying,177952,18
2SmlvtdGGWQgCxWaqtV7UR,The sun is up again,102383,19
7fOVX2D5oxx6Xa0FDROKS0,Everyone has pain,156353,20
1SoQPdR0Aajx1PlLOVIvBp,Click Click Click - 2023 Remaster,224053,1
2ytIE80N9Svi3akpq6x4Uo,Single - 2023 Remaster,235266,2
2EC77usGQEQ8hlcpu5aGzo,Big Girl Now - 2023 Remaster,208866,3
2aWHIv094WFRfL4uxc1WId,Summertime - 2023 Remaster,202413,4
2fK1EsWYZsIWGP9MlgDumN,2 In The Morning - 2023 Remaster,205560,5
30F8GFg3RKNiatUzRPRYRX,Grown Man - 2023 Remaster,177306,6
6GfZhUNz22KTqMcSseRigj,Dirty Dancing - 2023 Remaster,217280,7
1WvLQI6EvkVcoi80zx0dux,Sexify My Love - 2023 Remaster,210960,8
4pJ632xMWPlQXLjadyfYg4,Twisted - 2023 Remaster,189666,9
1iC8zqrU3KbzwWq2nOSg7g,Full Service - 2023 Remaster,241546,10
0yIhiYOAOuhmLBieIzu942,"Lights, Camera, Action - 2023 Remaster",184026,11
36k2hoApl7GOW0BEjLqPvW,Put It On My Tab - 2023 Remaster,233640,12
5YR14ny54eEcFWD8Zgs43a,Stare At You - 2023 Remaster,213413,13
5hFK8N9O50gaESsjxmaYUY,One Song - 2023 Remaster,220133,14
73TaNmECu50ZSLPedxBBPo,Don't Cry - 2023 Remaster,250853,15
2vnxxoecXN5cKqtNColoyo,Officially Over - 2023 Remaster,238853,16
4fYdyst5AiWlSi3szrli9o,Looking Like Danger - 2023 Remaster,188493,17
1SGwvYVKJTRNEeA4OAR88r,Message From Alma Wahlberg,34600,18
5BmQjvc1DK3PRALtHZQOdc,Close To You - 2023 Remaster,213906,19
1iyuoLIUxd4S6zNNqqh6aK,Message From Tom McIntyre,44893,20
2PCgQzshG5yLBk6FwPVI0m,Click Click Click - Phantogram Remix,221880,1
4ABYRCB2mxFNSbK6t0fvmv,Dirty Dancing - Dem Jointz Remix,216320,2
6RG3IIu9IUYj6mYTBPP6cA,U,204065,1
1oETlzucpZlAZMNquqqTdo,LOST,246359,2
0UXzZ16UMNQIL0yYdSFv14,LOVE,208150,3
0in5EvIyKmSvhHHRYngytm,从今以后,215936,4
4R57XvcuFgpkx0b3q10GfJ,好似又过几个秋,224539,5
5Enntqeuz9xq1PGwFZZ6G0,故意,174219,6
7HTY20WxlCMCgAfy4Ftulc,超感,187181,7
5QMVWUlQ2LAxRxSOSEFJeQ,行至此地,181010,8
5qJOvsVht59a7VipxX0WUe,浪潮,151970,9
1dUzghTVQgeeaojC2Bhi8t,星光海,204817,10
5AzdDiyd8iEHYOK1uxI6DL,Vanilla Sky (Intro),221634,1
1OmX1ZNve6KzY5nUHWHzGd,飞到你心里,150000,2
6PeZgyEsUhCbNgQLt7NAMn,陌生人,191517,3
0hLe1TpcbTPVEtWXj1uIUA,楼顶上的小斑鸠,222817,4
4SVEkntv2qLewDJO2GQxnL,明天,214386,5
2wBpejByjGaQ40BHUsGF0w,毛衣,182856,6
6akUaBXv4zOHgqQAjSAnox,可能,228916,7
2yBCoe4FQO47hXicFpOQ4k,即使喝醉也不会再打你的电话,195449,8
6VOtFViH04LYfhpoonBALh,四季,165261,9
4DHtJKO9EVzPekbIZDa99n,因为你 (Outro),126335,10
0jfHUhxvZjNcwjaCEC36ik,炊烟,197226,1
1B9mejqoFyK6DjbWf09Xfx,炊烟 - 伴奏,197226,2
6LL7btiK5RNl8b1UomcDHp,哪里都是你・2024,293245,1
7xzW93Qe955V2tlZuJw1dR,毛衣・2024,172800,2
6vr7V6pPnRRj1ifG9OD12p,Let Go・2024,234500,3
411PseveCVrWet2JKXP4If,影子,208580,1
0qNqKty2Z36kf9dP51l0M0,理想国,195770,1
0aBBADxXo7ljt5KDBSxvQq,風,235912,1
3BO21nTgZjSCAliKAjoiVZ,尋我,200464,2
2GkmTd0KELxPbSeK3pHTDs,碎碎念,132682,3
7yWIjCBSfKJpUA0OF79xPu,短暫的快樂卻著迷,224560,4
1BeMlXhJcapa3nip1Ea031,我追不上以前那個發光的自己了,272384,5
5O2o0sZv4vZE5ehLPzHKw6,尋我,200464,1
4XYz4ldX2fMUZatfsz4gkY,風,235912,1
0kyMzbZf4nQnnwm1R5VUt2,一定会再见吧 (with 黄礼格),202975,1
6R1QDBEcf4ayxEctI1YVH7,一定会再见吧 (with 黄礼格) - 伴奏,202975,2
5vbiMBD4Gq9XVF6hZOofhW,杏花雨绵,218648,1
31Ws7x4Kflq2ARooMOVb7i,杏花雨绵,218648,2
48RZxuOejcSVni1AmorI9A,杏花雨绵,218648,3
6PZULc51UAx99ZDiG642T4,不见不离开,217102,1
32zNbGvYhO52gNW33J3V0S,不见不离开 - 伴奏版,217102,2
4ciGxhvpQdCoUCyBxsSE5e,绽放,240116,3
1BsOVlt4fhh2KCfp5ttC3b,绽放 - 伴奏版,240116,4
0ibH0lMJdWYGB904xHpK5f,NUNA 2.0,223311,1
7JCJlToBjEzN4Sqest7a91,NUNA 2.0 - 伴奏,223311,2
6L5ImrjJJKVYJQzjpARPXj,NUNA,222612,1
3DqmSDjkzf6kr3H9FnXwsh,NUNA - 和声伴奏,222612,2
4bdziSMoTu0cDrVpHkoEiG,武家坡,203953,1
77IJHyUm1THgdOq2W1iJml,武家坡 - 和声伴奏版,203953,2
